,PMI_male,Senses,Sentis
bloke,0.1016874232540659,Label,0.0
wanker,0.0963992036325016,Label,-1.0
prince,0.0913307690620429,Profession,0.0
lawful,0.0901686538818653,Belief,1.0
turkish,0.0818004042113489,Other,0.0
madman,0.0783341962348624,Attribute,-1.0
unchecked,0.07708341433321,Attribute,-1.0
punchable,0.075779916429766,Body,-1.0
dickhead,0.0730008502595,Label,-1.0
truck,0.0730008502595,Other,0.0
businessman,0.069965946564346,Profession,0.0
informant,0.069965946564346,Other,0.0
inflation,0.069965946564346,Other,-1.0
jock,0.069965946564346,Label,-1.0
sovereign,0.0666381564716713,Other,1.0
chode,0.0666381564716713,Label,-1.0
prick,0.0664323739830349,Label,-1.0
cure,0.0629729110733754,Other,1.0
envoy,0.0625858392667234,Profession,0.0
testicle,0.061997776915169,Body,0.0
ruler,0.0619977769151692,Profession,0.0
worm,0.0615721544358772,Other,-1.0
republic,0.0614005837054229,Belief,0.0
discovery,0.0609972765815856,Other,1.0
douchebag,0.059970406732667,Label,-1.0
constitutionalist,0.0589161103777612,Belief,0.0
urgent,0.0572807870370304,Other,0.0
lad,0.0570416955834107,Label,-1.0
hereby,0.0567207198143254,Other,0.0
mafia,0.0567207198143254,Other,-1.0
bluster,0.0567207198143254,Attribute,-1.0
imperialism,0.0567207198143254,Belief,-1.0
kiddie,0.0544014300232343,Label,-1.0
undisclosed,0.0544014300232343,Other,-1.0
kisser,0.0544014300232343,Attribute,-1.0
sleazeball,0.0544014300232343,Label,-1.0
errand,0.0544014300232343,Other,0.0
gatekeeper,0.0544014300232343,Attribute,0.0
chairman,0.0542649392020303,Profession,0.0
longstanding,0.0538010097109906,Other,0.0
shitbird,0.0538010097109906,Label,-1.0
douche,0.0536941663966093,Label,-1.0
fanboy,0.0531919962938724,Label,0.0
congressman,0.0521517102892188,Profession,0.0
excess,0.0519474410616677,Other,0.0
diddler,0.0519474410616677,Label,-1.0
manifestation,0.0519474410616677,Other,0.0
utopia,0.0519474410616677,Belief,1.0
federalist,0.0519474410616677,Belief,0.0
meddling,0.050666210905619,Attribute,-1.0
lowlife,0.0500113320348011,Label,-1.0
alley,0.0493466593616103,Other,0.0
ukraine,0.0493466593616103,Other,0.0
chancellor,0.0493466593616103,Profession,0.0
affect,0.0493466593616103,Other,-1.0
offshore,0.0471512687981746,Other,-1.0
philosophical,0.0465854979202822,Attribute,0.0
grim,0.0465854979202822,Attribute,-1.0
wimp,0.0465854979202822,Label,-1.0
rain,0.0465854979202822,Other,0.0
crypto,0.0465854979202822,Other,0.0
henchman,0.0465854979202822,Profession,-1.0
overhaul,0.0465854979202822,Other,0.0
palace,0.0465854979202822,Other,0.0
nationalistic,0.0458683949852855,Belief,-1.0
erection,0.0458683949852855,Body,0.0
domain,0.0436486382469727,Other,0.0
sleaze,0.0436486382469727,Label,-1.0
pronouncement,0.0436486382469724,Other,0.0
locker,0.0436486382469724,Other,0.0
clique,0.0436486382469724,Other,-1.0
clickbait,0.0436486382469724,Other,-1.0
plausibly,0.0436486382469724,Other,0.0
subway,0.0436486382469724,Other,0.0
fella,0.0436486382469724,Label,0.0
slimeball,0.0424985518637351,Label,-1.0
fuckhead,0.0423319823622257,Label,-1.0
secular,0.0421089920613797,Belief,0.0
criminality,0.0417950695976496,Attribute,-1.0
goof,0.0413203484873815,Label,-1.0
christ,0.0413203484873815,Other,0.0
horde,0.0405187452380449,Other,-1.0
usd,0.0405187452380449,Other,0.0
onwards,0.0405187452380449,Other,0.0
biblical,0.0405187452380449,Attribute,0.0
expendable,0.0405187452380449,Attribute,0.0
stunned,0.0405187452380449,Attribute,0.0
founder,0.0405187452380449,Profession,0.0
behest,0.0405187452380449,Other,0.0
monarch,0.0405187452380449,Profession,0.0
priest,0.0405187452380449,Profession,1.0
jazz,0.0405187452380449,Other,0.0
mogul,0.0405187452380449,Profession,-1.0
obedient,0.0405187452380449,Attribute,-1.0
soy,0.0398679154070666,Other,0.0
ping,0.0388753594943147,Other,0.0
metal,0.0388753594943147,Other,0.0
asswipe,0.0388753594943147,Label,-1.0
passage,0.0388753594943147,Other,0.0
wingnut,0.0378627011799287,,
