,female,male,PMI_female,PMI_male,cPMId_female,cPMId_male,PMId_female,PMId_male
chairwoman,39,11,1.793791277200479,-1.375168914578478,-0.9637297824390858,-3.054585048781449,1.4214816972580644,-1.3055552737252387
pantsuit,10,3,1.7798883720314873,-1.3273782507421297,-2.254142836708998,-4.216078969186833,1.407578792089073,-1.2577646098888902
matriarch,8,3,1.7237989053804437,-1.1603241660789634,-2.473326519775032,-4.208061322987552,1.3514893254380296,-1.090710525225724
facelift,7,3,1.6855776925602461,-1.0650139862746386,-2.6048720825011467,-4.204028264330659,1.3132681126178318,-0.995400345421399
menopausal,7,3,1.6855776925602461,-1.0650139862746386,-2.6048720825011467,-4.204028264330659,1.3132681126178318,-0.995400345421399
harpy,14,6,1.6855776925602461,-1.0650139862746386,-1.9314079433072961,-3.550497895219764,1.3132681126178318,-0.995400345421399
scarf,11,5,1.6675591870575677,-1.0241919917543834,-2.1647432125684856,-3.7171605582537097,1.2952496071151534,-0.9545783509011441
clitoris,6,3,1.636787528390814,-0.9596534706168122,-2.7570329810615646,-4.1999788742237145,1.2644779484483997,-0.8900398297635728
clit,6,3,1.636787528390814,-0.9596534706168122,-2.7570329810615646,-4.1999788742237145,1.2644779484483997,-0.8900398297635728
brunette,8,4,1.636787528390814,-0.9596534706168122,-2.475308413967407,-3.9243961089452113,1.2644779484483997,-0.8900398297635728
wench,6,3,1.636787528390814,-0.9596534706168122,-2.7570329810615646,-4.1999788742237145,1.2644779484483997,-0.8900398297635728
hind,11,6,1.6069345652411327,-0.9024950567768637,-2.1667056599393217,-3.5387767724229096,1.2346249852987186,-0.8328814159236242
childless,9,5,1.600419884219939,-0.8906605991298606,-2.3614774217633037,-3.7092381906692875,1.2281103042775248,-0.8210469582766214
skank,12,7,1.5827203071205382,-0.8595700120598296,-2.083607661744534,-3.3924554194907546,1.210410727178124,-0.7899563712065902
misandrist,12,7,1.5827203071205382,-0.8595700120598296,-2.083607661744534,-3.3924554194907546,1.210410727178124,-0.7899563712065902
hubby,17,10,1.5796291145508656,-0.8542929549589859,-1.7508031119449738,-3.066498828735822,1.207319534608451,-0.7846793141057465
cheekbone,5,3,1.5722490072532427,-0.8418704349604288,-2.937360789464167,-4.195913019863759,1.1999394273108286,-0.7722567941071894
boogeywoman,5,3,1.5722490072532427,-0.8418704349604288,-2.937360789464167,-4.195913019863759,1.1999394273108286,-0.7722567941071894
btch,5,3,1.5722490072532427,-0.8418704349604288,-2.937360789464167,-4.195913019863759,1.1999394273108286,-0.7722567941071894
brooch,5,3,1.5722490072532427,-0.8418704349604288,-2.937360789464167,-4.195913019863759,1.1999394273108286,-0.7722567941071894
nosedive,5,3,1.5722490072532427,-0.8418704349604288,-2.937360789464167,-4.195913019863759,1.1999394273108286,-0.7722567941071894
driven,5,3,1.5722490072532427,-0.8418704349604288,-2.937360789464167,-4.195913019863759,1.1999394273108286,-0.7722567941071894
conceal,5,3,1.5722490072532427,-0.8418704349604288,-2.937360789464167,-4.195913019863759,1.1999394273108286,-0.7722567941071894
elegance,5,3,1.5722490072532427,-0.8418704349604288,-2.937360789464167,-4.195913019863759,1.1999394273108286,-0.7722567941071894
ballz,5,3,1.5722490072532427,-0.8418704349604288,-2.937360789464167,-4.195913019863759,1.1999394273108286,-0.7722567941071894
numerical,5,3,1.5722490072532427,-0.8418704349604288,-2.937360789464167,-4.195913019863759,1.1999394273108286,-0.7722567941071894
goddess,13,8,1.562679556237092,-0.8261220779922896,-2.0074630780108813,-3.2666925312924175,1.1903699762946778,-0.7565084371390502
blouse,8,5,1.5567448207172776,-0.8165526269761388,-2.4772863880232077,-3.705253345420842,1.1844352407748633,-0.7469389861228996
interjection,8,5,1.5567448207172776,-0.8165526269761388,-2.4772863880232077,-3.705253345420842,1.1844352407748633,-0.7469389861228996
succubus,6,4,1.5314270127329876,-0.7773319138228576,-2.7590227623284047,-3.9163461918788784,1.1591174327905736,-0.7077182729696181
heroine,6,4,1.5314270127329876,-0.7773319138228576,-2.7590227623284047,-3.9163461918788784,1.1591174327905736,-0.7077182729696181
aunty,6,4,1.5314270127329876,-0.7773319138228576,-2.7590227623284047,-3.9163461918788784,1.1591174327905736,-0.7077182729696181
equipped,6,4,1.5314270127329876,-0.7773319138228576,-2.7590227623284047,-3.9163461918788784,1.1591174327905736,-0.7077182729696181
progressiveness,12,8,1.5314270127329876,-0.7773319138228576,-2.0855586231345544,-3.262815822767983,1.1591174327905736,-0.7077182729696181
dependency,6,4,1.5314270127329876,-0.7773319138228576,-2.7590227623284047,-3.9163461918788784,1.1591174327905736,-0.7077182729696181
congresswoman,128,88,1.5190044927344308,-0.7589827751546611,-0.04197806740255864,-1.4309781760911338,1.1466949127920163,-0.6893691343014217
hag,26,18,1.5161595406021993,-0.7548590579707989,-1.3580850635274422,-2.54101452556541,1.1438499606597852,-0.6852454171175597
fuckable,10,7,1.5116243854368079,-0.7483443769496053,-2.262015839743647,-3.3846260925956515,1.1393148054943938,-0.6787307360963659
frumpy,7,5,1.5032561357662917,-0.7365099193026023,-2.60883980659193,-3.7012525576310016,1.1309465558238772,-0.6668962784493631
racy,8,6,1.4826368485635557,-0.708339042335906,-2.479260457419687,-3.526916633875333,1.1103272686211414,-0.6387254014826667
ovary,8,6,1.4826368485635557,-0.708339042335906,-2.479260457419687,-3.526916633875333,1.1103272686211414,-0.6387254014826667
smokey,4,3,1.4826368485635557,-0.708339042335906,-3.158506609412005,-4.191830566821341,1.1103272686211414,-0.6387254014826667
crone,4,3,1.4826368485635557,-0.708339042335906,-3.158506609412005,-4.191830566821341,1.1103272686211414,-0.6387254014826667
dyke,4,3,1.4826368485635557,-0.708339042335906,-3.158506609412005,-4.191830566821341,1.1103272686211414,-0.6387254014826667
suffragette,4,3,1.4826368485635557,-0.708339042335906,-3.158506609412005,-4.191830566821341,1.1103272686211414,-0.6387254014826667
businesswoman,8,6,1.4826368485635557,-0.708339042335906,-2.479260457419687,-3.526916633875333,1.1103272686211414,-0.6387254014826667
42nd,4,3,1.4826368485635557,-0.708339042335906,-3.158506609412005,-4.191830566821341,1.1103272686211414,-0.6387254014826667
radiant,4,3,1.4826368485635557,-0.708339042335906,-3.158506609412005,-4.191830566821341,1.1103272686211414,-0.6387254014826667
charmed,4,3,1.4826368485635557,-0.708339042335906,-3.158506609412005,-4.191830566821341,1.1103272686211414,-0.6387254014826667
mediator,4,3,1.4826368485635557,-0.708339042335906,-3.158506609412005,-4.191830566821341,1.1103272686211414,-0.6387254014826667
throatedly,4,3,1.4826368485635557,-0.708339042335906,-3.158506609412005,-4.191830566821341,1.1103272686211414,-0.6387254014826667
regal,4,3,1.4826368485635557,-0.708339042335906,-3.158506609412005,-4.191830566821341,1.1103272686211414,-0.6387254014826667
skincare,4,3,1.4826368485635557,-0.708339042335906,-3.158506609412005,-4.191830566821341,1.1103272686211414,-0.6387254014826667
biatch,4,3,1.4826368485635557,-0.708339042335906,-3.158506609412005,-4.191830566821341,1.1103272686211414,-0.6387254014826667
wonkiness,4,3,1.4826368485635557,-0.708339042335906,-3.158506609412005,-4.191830566821341,1.1103272686211414,-0.6387254014826667
finely,4,3,1.4826368485635557,-0.708339042335906,-3.158506609412005,-4.191830566821341,1.1103272686211414,-0.6387254014826667
statesperson,4,3,1.4826368485635557,-0.708339042335906,-3.158506609412005,-4.191830566821341,1.1103272686211414,-0.6387254014826667
memelord,4,3,1.4826368485635557,-0.708339042335906,-3.158506609412005,-4.191830566821341,1.1103272686211414,-0.6387254014826667
stepmother,5,4,1.4544659715968593,-0.6719713981650313,-2.939354537855519,-3.9122968017719333,1.0821563916544452,-0.602357757311792
peopel,5,4,1.4544659715968593,-0.6719713981650313,-2.939354537855519,-3.9122968017719333,1.0821563916544452,-0.602357757311792
dementor,5,4,1.4544659715968593,-0.6719713981650313,-2.939354537855519,-3.9122968017719333,1.0821563916544452,-0.602357757311792
cackle,5,4,1.4544659715968593,-0.6719713981650313,-2.939354537855519,-3.9122968017719333,1.0821563916544452,-0.602357757311792
shrew,5,4,1.4544659715968593,-0.6719713981650313,-2.939354537855519,-3.9122968017719333,1.0821563916544452,-0.602357757311792
mudslinging,5,4,1.4544659715968593,-0.6719713981650313,-2.939354537855519,-3.9122968017719333,1.0821563916544452,-0.602357757311792
skeletor,5,4,1.4544659715968593,-0.6719713981650313,-2.939354537855519,-3.9122968017719333,1.0821563916544452,-0.602357757311792
jewelry,5,4,1.4544659715968593,-0.6719713981650313,-2.939354537855519,-3.9122968017719333,1.0821563916544452,-0.602357757311792
stepmom,5,4,1.4544659715968593,-0.6719713981650313,-2.939354537855519,-3.9122968017719333,1.0821563916544452,-0.602357757311792
monstrously,5,4,1.4544659715968593,-0.6719713981650313,-2.939354537855519,-3.9122968017719333,1.0821563916544452,-0.602357757311792
homewrecker,5,4,1.4544659715968593,-0.6719713981650313,-2.939354537855519,-3.9122968017719333,1.0821563916544452,-0.602357757311792
palestine,5,4,1.4544659715968593,-0.6719713981650313,-2.939354537855519,-3.9122968017719333,1.0821563916544452,-0.602357757311792
bossy,5,4,1.4544659715968593,-0.6719713981650313,-2.939354537855519,-3.9122968017719333,1.0821563916544452,-0.602357757311792
tremor,5,4,1.4544659715968593,-0.6719713981650313,-2.939354537855519,-3.9122968017719333,1.0821563916544452,-0.602357757311792
stepford,5,4,1.4544659715968593,-0.6719713981650313,-2.939354537855519,-3.9122968017719333,1.0821563916544452,-0.602357757311792
bangable,5,4,1.4544659715968593,-0.6719713981650313,-2.939354537855519,-3.9122968017719333,1.0821563916544452,-0.602357757311792
fugly,11,9,1.444415635743358,-0.6595488781664741,-2.1725700001241846,-3.1450327871115995,1.0721060558009436,-0.5899352373132347
supermodel,6,5,1.4361168329286629,-0.6494985423129725,-2.7610085922268133,-3.697235699221561,1.0638072529862488,-0.5798849014597333
antivax,6,5,1.4361168329286629,-0.6494985423129725,-2.7610085922268133,-3.697235699221561,1.0638072529862488,-0.5798849014597333
campaign-,6,5,1.4361168329286629,-0.6494985423129725,-2.7610085922268133,-3.697235699221561,1.0638072529862488,-0.5798849014597333
poised,6,5,1.4361168329286629,-0.6494985423129725,-2.7610085922268133,-3.697235699221561,1.0638072529862488,-0.5798849014597333
headscarf,6,5,1.4361168329286629,-0.6494985423129725,-2.7610085922268133,-3.697235699221561,1.0638072529862488,-0.5798849014597333
spokeswoman,31,26,1.4331885731495746,-0.6459959117617706,-1.2061115894630627,-2.218443969390893,1.0608789932071603,-0.5763822709085313
horseface,7,6,1.423213428092755,-0.6342310701821843,-2.6108177806477304,-3.5229317886268876,1.0509038481503405,-0.564617429328945
hottie,14,12,1.423213428092755,-0.6342310701821843,-1.9430344497921943,-2.8803886869633804,1.0509038481503405,-0.564617429328945
sow,8,7,1.4136439770766045,-0.6231812339955992,-2.4812306375426196,-3.3767349833082863,1.04133439713419,-0.55356759314236
ditzy,8,7,1.4136439770766045,-0.6231812339955992,-2.4812306375426196,-3.3767349833082863,1.04133439713419,-0.55356759314236
yesrep,11,10,1.395625471573926,-0.6029785266780799,-2.1745171626740474,-3.043548979978208,1.0233158916315117,-0.5333648858248405
usurping,3,3,1.3491054559390332,-0.5541883625086477,-3.4441869515766994,-4.18773137901385,0.9767958759966188,-0.4845747216554084
gmo,3,3,1.3491054559390332,-0.5541883625086477,-3.4441869515766994,-4.18773137901385,0.9767958759966188,-0.4845747216554084
inescapable,3,3,1.3491054559390332,-0.5541883625086477,-3.4441869515766994,-4.18773137901385,0.9767958759966188,-0.4845747216554084
flashlight,3,3,1.3491054559390332,-0.5541883625086477,-3.4441869515766994,-4.18773137901385,0.9767958759966188,-0.4845747216554084
qualify,3,3,1.3491054559390332,-0.5541883625086477,-3.4441869515766994,-4.18773137901385,0.9767958759966188,-0.4845747216554084
parkinson,3,3,1.3491054559390332,-0.5541883625086477,-3.4441869515766994,-4.18773137901385,0.9767958759966188,-0.4845747216554084
detectable,3,3,1.3491054559390332,-0.5541883625086477,-3.4441869515766994,-4.18773137901385,0.9767958759966188,-0.4845747216554084
pizzeria,3,3,1.3491054559390332,-0.5541883625086477,-3.4441869515766994,-4.18773137901385,0.9767958759966188,-0.4845747216554084
grannie,3,3,1.3491054559390332,-0.5541883625086477,-3.4441869515766994,-4.18773137901385,0.9767958759966188,-0.4845747216554084
hom,3,3,1.3491054559390332,-0.5541883625086477,-3.4441869515766994,-4.18773137901385,0.9767958759966188,-0.4845747216554084
authortarian,3,3,1.3491054559390332,-0.5541883625086477,-3.4441869515766994,-4.18773137901385,0.9767958759966188,-0.4845747216554084
fairweather,4,4,1.349105455939033,-0.5541883625086479,-3.1605043407783766,-3.9082309474119774,0.9767958759966188,-0.48457472165540855
peen,5,5,1.3491054559390332,-0.5541883625086479,-2.9413443191223596,-3.6932026405646687,0.9767958759966188,-0.4845747216554084
sourpuss,3,3,1.3491054559390332,-0.5541883625086477,-3.4441869515766994,-4.18773137901385,0.9767958759966188,-0.4845747216554084
