,female,male,PMI_female,PMI_male
nk,4,465,-2.7220069864446947,0.13044223957508977
manafort,3,347,-2.7170194449336558,0.1303992278974126
tariff,45,4846,-2.646188149887344,0.12976444327112657
unindicted,10,1010,-2.5826713924025775,0.12915530599100117
venezuelan,5,435,-2.4350353935965128,0.12757890661038992
peanut,13,1075,-2.3848456490726577,0.12698711557988793
aberration,5,405,-2.3644178263825597,0.12673750984219836
businessman,42,3374,-2.3562545157433985,0.12663631063146596
conman,16,1275,-2.3482822477251677,0.1265366691798967
redaction,3,237,-2.339725213792188,0.12642882022715263
symptom,58,4055,-2.219163536802311,0.1248056007531021
manifestation,4,279,-2.2168511156416533,0.12477248661214062
recusal,3,205,-2.1966243701515147,0.12447950187110295
kompromat,10,672,-2.180143143967723,0.12423628511370029
biographer,5,330,-2.1623911985092725,0.12396972506947225
wmd,4,258,-2.1397487217595126,0.12362268359453335
stochastic,5,320,-2.1320858490139436,0.12350341589804757
pardon,91,5783,-2.125130184360022,0.12339434883366555
nobel,3,185,-2.0955282532801456,0.12292146468238843
envoy,6,370,-2.0955282532801456,0.12292146468238843
dodger,6,362,-2.074022048059182,0.12256887609085276
testify,3,178,-2.0575833217160224,0.12229412146027202
stormy,11,647,-2.049008237645253,0.12214896560959625
cache,5,287,-2.025014468952488,0.12173601592535199
gdp,9,516,-2.0238722643737104,0.1217161053239517
recession,23,1313,-2.0196397172857474,0.12164212264021798
golfing,20,1137,-2.015552032757992,0.12157036899087229
ukraine,5,276,-1.9866153360179515,0.12105379881741693
isolated,4,220,-1.9830502698534556,0.12098909693133457
recovery,10,550,-1.9830502698534558,0.12098909693133436
tower,47,2568,-1.976570353907271,0.12087089074484134
golf,101,5486,-1.9707758117361955,0.12076452447241254
deficit,66,3507,-1.9492046951152906,0.12036299455078112
amnesty,15,794,-1.945447295074588,0.12029214662265669
quarterly,3,158,-1.9404906554346595,0.12019827047651661
economy,178,9251,-1.9274603542918982,0.11994920973965406
resort,23,1164,-1.9013887577988247,0.11944083611572784
fixer,23,1156,-1.8946262637265274,0.11930675112896452
summary,82,4117,-1.8935810125382466,0.1192859435197241
45th,4,197,-1.8747091260574915,0.1189064231129255
wingman,5,246,-1.8737136058159898,0.11888619923459177
supporters've,7,344,-1.872574653528859,0.11886303634154514
mogul,4,196,-1.8697215845464523,0.11880489511649332
womanizer,3,147,-1.8697215845464523,0.11880489511649313
sentencing,13,636,-1.8681819383608596,0.11877344907004475
hungarian,4,194,-1.859671248692951,0.11859873080280564
separation,20,968,-1.857649003312183,0.11855699196272194
monument,6,286,-1.8426929121585331,0.11824561098558363
wanker,3,142,-1.835820032870771,0.11810091761469896
strongman,8,375,-1.8262920266191163,0.11789863922377762
derangement,7,324,-1.813906805440056,0.11763274284927928
martial,6,277,-1.8113860075334889,0.1175782109781135
philanderer,3,135,-1.7863399756074014,0.11702869571523745
unredacted,30,1349,-1.7856150752494526,0.11701258084846673
diddler,3,134,-1.7790672162783214,0.11686647655679919
finding,44,1938,-1.7653706600899783,0.11655767999479087
stent,3,132,-1.7643610688886262,0.1165347465819541
summit,19,833,-1.7608461267811817,0.11645471777153954
showman,4,175,-1.7587900238391707,0.11640777051677177
turkish,7,306,-1.7579916206031463,0.11638951384624037
cooperation,18,782,-1.751938548890069,0.11625061531139642
sr,4,173,-1.7475539505722448,0.11614946435796249
interpreter,6,259,-1.7456689358764734,0.11610583814732824
surplus,14,602,-1.7418882130365674,0.11601808420931399
penthouse,10,430,-1.7418882130365674,0.11601808420931399
counsel,90,3867,-1.7411303501734656,0.11600045265588539
bloke,4,170,-1.7304595172129447,0.11575074026974556
plea,59,2490,-1.7236175395887023,0.11558918751665045
unchecked,7,294,-1.7188986948118687,0.11547710502381872
disillusioned,3,125,-1.7111165543698137,0.11529107581669668
constitutionalist,5,208,-1.709552832393631,0.11525351642590548
prick,22,915,-1.7093394079984126,0.11524838547111194
orbit,9,374,-1.708508990962733,0.11522841066789864
shirtless,5,205,-1.6953681974016745,0.1149100508549522
sharpie,10,407,-1.6881997079230622,0.11473456607780634
acquittal,8,317,-1.662082219768208,0.11408419398155584
growth,31,1218,-1.653809884758738,0.11387454057827737
farmer,41,1606,-1.6508372425916389,0.11379876676307946
bailout,18,703,-1.6479659585070907,0.1137253569597287
impartiality,3,117,-1.6465780332322426,0.11368979444972284
prince,14,544,-1.6430002118843585,0.11359788690864438
dictatorship,15,581,-1.639889045081446,0.1135176922205741
6'3,3,116,-1.638209783561726,0.11347430042884787
jock,3,115,-1.6297709149158612,0.11325510633159817
ruler,9,342,-1.6212602252479529,0.11303211603075197
scout,5,189,-1.616118825747534,0.11289645843032703
deferment,4,151,-1.6148293349176621,0.11286232232969064
rosenstein,3,113,-1.6126764815565613,0.1128052300399886
bipolar,4,150,-1.6083568204120449,0.11269029411663943
mobster,12,448,-1.6040184188134468,0.11257434536585732
korean,24,895,-1.6029308711260477,0.11254519835318101
extortion,13,482,-1.59730698422546,0.1123939539159226
spur,7,255,-1.5801329338240897,0.11192664383134199
speechwriter,6,218,-1.5775851617452912,0.11185661336806198
papa,4,145,-1.575350523943875,0.11179503890912801
volatile,4,145,-1.575350523943875,0.11179503890912801
romanian,5,181,-1.5740073403974073,0.1117579599866372
adderall,4,144,-1.568616491762531,0.1116086282458983
usefulness,5,180,-1.568616491762531,0.1116086282458983
punchable,3,108,-1.5686164917625307,0.1116086282458983
