,female,male,PMI_female,PMI_male,Sentiment,Senses
businessman,3,42,-0.99020557,0.128790629,0,Profession
chairman,6,74,-0.872422534,0.119821959,0,Profession
incident,3,36,-0.847104726,0.117740793,-1,Other
outcome,3,34,-0.794460993,0.113226112,0,Other
amnesty,3,34,-0.794460993,0.113226112,0,Belief
fag,3,34,-0.794460993,0.113226112,-1,Label
timeline,3,34,-0.794460993,0.113226112,0,Other
mid,4,45,-0.787681306,0.112625692,0,Other
soy,3,33,-0.767062019,0.110772123,0,Other
congressman,10,110,-0.767062019,0.110772123,0,Profession
pardon,3,33,-0.767062019,0.110772123,0,Other
nail,4,43,-0.746008609,0.108836014,0,Other
precedent,3,32,-0.738891142,0.108171342,0,Other
ukrainian,3,32,-0.738891142,0.108171342,0,Attribute
largely,3,32,-0.738891142,0.108171342,0,Other
impression,3,31,-0.709903605,0.10541018,0,Other
playbook,3,31,-0.709903605,0.10541018,0,Other
thankfully,6,59,-0.66478317,0.100933674,1,Other
nationalist,6,59,-0.66478317,0.100933674,0,Belief
agency,5,49,-0.661701503,0.100619752,0,Other
jackass,4,39,-0.657061123,0.100145031,-1,Label
button,3,29,-0.649278983,0.099343427,0,Other
confirmation,5,48,-0.64300937,0.098692598,0,Other
king,6,57,-0.633530626,0.097700042,1,Profession
ego,5,47,-0.623961175,0.096687383,0,Attribute
reform,5,47,-0.623961175,0.096687383,0,Other
tariff,3,28,-0.617530285,0.096000806,-1,Profession
sell,3,28,-0.617530285,0.096000806,0,Other
greasy,3,28,-0.617530285,0.096000806,-1,Attribute
creep,3,28,-0.617530285,0.096000806,-1,Label
pedophile,8,74,-0.609433074,0.095129346,-1,Label
bastard,8,74,-0.609433074,0.095129346,-1,Label
usual,6,55,-0.601269764,0.094242821,0,Other
authority,9,82,-0.595790298,0.093643241,0,Profession
courtesy,3,27,-0.584740462,0.092422985,1,Other
watch,3,27,-0.584740462,0.092422985,0,Other
recording,3,27,-0.584740462,0.092422985,0,Other
serial,4,36,-0.584740462,0.092422985,0,Other
patriotic,4,36,-0.584740462,0.092422985,0,Belief
draft,3,27,-0.584740462,0.092422985,0,Other
discussion,3,27,-0.584740462,0.092422985,0,Other
scumbag,10,89,-0.574690126,0.09130002,-1,Label
release,6,53,-0.567933344,0.09053797,0,Other
prick,5,44,-0.564537755,0.090152836,-1,Label
slime,4,35,-0.559422654,0.089569916,-1,Label
captain,3,26,-0.55083891,0.088584208,1,Profession
teen,3,26,-0.55083891,0.088584208,0,Label
strategist,3,26,-0.55083891,0.088584208,0,Profession
comparison,3,26,-0.55083891,0.088584208,0,Other
founder,5,43,-0.543918467,0.087782605,0,Profession
priority,4,34,-0.533447167,0.086557865,,
warning,4,34,-0.533447167,0.086557865,,
slimy,7,59,-0.525899962,0.085666202,,
promise,7,59,-0.525899962,0.085666202,,
farmer,3,25,-0.51574759,0.084454815,,
trial,6,50,-0.51574759,0.084454815,,
greatly,3,25,-0.51574759,0.084454815,,
douche,8,66,-0.50677892,0.083373149,,
jack,4,33,-0.50677892,0.083373149,,
era,4,33,-0.50677892,0.083373149,,
channel,5,41,-0.501358853,0.08271417,,
whistleblower,6,49,-0.497729085,0.082270613,,
responsibility,7,57,-0.495128303,0.081951685,,
ol,7,57,-0.495128303,0.081951685,,
dossier,3,24,-0.479379946,0.080000465,,
concept,3,24,-0.479379946,0.080000465,,
eager,3,24,-0.479379946,0.080000465,,
civilian,3,24,-0.479379946,0.080000465,,
bald,3,24,-0.479379946,0.080000465,,
inquiry,3,24,-0.479379946,0.080000465,,
store,3,24,-0.479379946,0.080000465,,
washy,3,24,-0.479379946,0.080000465,,
safely,3,24,-0.479379946,0.080000465,,
admission,3,24,-0.479379946,0.080000465,,
jury,3,24,-0.479379946,0.080000465,,
bot,4,32,-0.479379946,0.080000465,,
protester,4,32,-0.479379946,0.080000465,,
thumb,4,32,-0.479379946,0.080000465,,
dictator,8,64,-0.479379946,0.080000465,,
savior,4,32,-0.479379946,0.080000465,,
shitbag,4,32,-0.479379946,0.080000465,,
fascist,8,63,-0.465393704,0.07823835,,
crony,7,55,-0.463379605,0.0779823,,
praise,6,47,-0.460687813,0.077639188,,
faggot,10,78,-0.45690709,0.077155512,,
calm,5,39,-0.45690709,0.077155512,,
lap,4,31,-0.451209069,0.076422643,,
particular,4,31,-0.451209069,0.076422643,,
electoral,4,31,-0.451209069,0.076422643,,
widely,4,31,-0.451209069,0.076422643,,
drive,3,23,-0.441639618,0.075181178,,
central,3,23,-0.441639618,0.075181178,,
firing,3,23,-0.441639618,0.075181178,,
optic,3,23,-0.441639618,0.075181178,,
objective,3,23,-0.441639618,0.075181178,,
necessary,6,46,-0.441639618,0.075181178,,
madman,3,23,-0.441639618,0.075181178,,
murderous,3,23,-0.441639618,0.075181178,,
prob,3,23,-0.441639618,0.075181178,,
orange,5,38,-0.433917572,0.074169544,,
